<?xml version="1.0" encoding="UTF-8"?><rss xmlns:dc="http://purl.org/dc/elements/1.1/" xmlns:content="http://purl.org/rss/1.0/modules/content/" xmlns:atom="http://www.w3.org/2005/Atom" version="2.0"><channel><title><![CDATA[Obsidian]]></title><description><![CDATA[Obsidian digital garden]]></description><link>http://github.com/dylang/node-rss</link><image><url>lib\media\favicon.png</url><title>Obsidian</title><link></link></image><generator>Webpage HTML Export plugin for Obsidian</generator><lastBuildDate>Fri, 21 Feb 2025 08:47:29 GMT</lastBuildDate><atom:link href="lib\rss.xml" rel="self" type="application/rss+xml"/><pubDate>Fri, 21 Feb 2025 08:47:29 GMT</pubDate><ttl>60</ttl><dc:creator></dc:creator><item><title><![CDATA[test]]></title><description><![CDATA[<a class="tag" href="?query=tag:ongoing" style="background-color: rgb(4, 108, 116); color: white; font-weight: 700; border: none; border-radius: 1em; padding: 0.2em 0.5em;">#ongoing</a> 
 <br><br><br><a href=".?query=tag:ongoing" class="tag" target="_blank" rel="noopener nofollow">#ongoing</a> ]]></description><link>vault.html</link><guid isPermaLink="false">Vault.md</guid><pubDate>Fri, 21 Feb 2025 08:45:33 GMT</pubDate></item></channel></rss>